{
  "qwen": {
    "P4": {
      "full": {
        "probe_auroc": 0.6211253127066739,
        "conf_auroc": 0.5453101187566496,
        "delta": 0.07581519395002434,
        "cv_auroc": 0.45264080954464897,
        "partial_r": 0.14860380622380684,
        "partial_p": 2.255518752411799e-06,
        "mw_p": 0.05459872568514838,
        "n_total": 1004,
        "n_cw": 166,
        "n_held": 838
      },
      "thresholds": {
        "0.7": {
          "probe_auroc": 0.6404483367100189,
          "conf_auroc": 0.5380460660834492,
          "delta": 0.1024022706265697,
          "cv_auroc": 0.4476430610198257,
          "partial_r": 0.19437778802150021,
          "partial_p": 4.8240053287130636e-09,
          "mw_p": 0.12608132520282117,
          "n_total": 892,
          "n_cw": 143,
          "n_held": 749
        },
        "0.75": {
          "probe_auroc": 0.6404020944477377,
          "conf_auroc": 0.547451096621221,
          "delta": 0.09295099782651661,
          "cv_auroc": 0.4734698275862068,
          "partial_r": 0.1940326657378129,
          "partial_p": 9.110549652386917e-09,
          "mw_p": 0.057713049118307345,
          "n_total": 863,
          "n_cw": 140,
          "n_held": 723
        },
        "0.8": {
          "probe_auroc": 0.6527172679827546,
          "conf_auroc": 0.5485818016791468,
          "delta": 0.10413546630360782,
          "cv_auroc": 0.4279202279202279,
          "partial_r": 0.19676792246744,
          "partial_p": 1.7028629662664593e-08,
          "mw_p": 0.057077268955192086,
          "n_total": 808,
          "n_cw": 130,
          "n_held": 678
        },
        "0.85": {
          "probe_auroc": 0.627180779064521,
          "conf_auroc": 0.5391036246052038,
          "delta": 0.08807715445931719,
          "cv_auroc": 0.5059601487570953,
          "partial_r": 0.14915624738974664,
          "partial_p": 3.0237322746842173e-05,
          "mw_p": 0.13266259512159775,
          "n_total": 776,
          "n_cw": 122,
          "n_held": 654
        },
        "0.9": {
          "probe_auroc": 0.658231072007409,
          "conf_auroc": 0.49753029250598135,
          "delta": 0.1607007795014277,
          "cv_auroc": 0.502811809224083,
          "partial_r": 0.21121339539158182,
          "partial_p": 1.0028255263188323e-08,
          "mw_p": 0.927752363846595,
          "n_total": 722,
          "n_cw": 105,
          "n_held": 617
        },
        "0.95": {
          "probe_auroc": 0.6726915644429508,
          "conf_auroc": 0.468062090404974,
          "delta": 0.20462947403797677,
          "cv_auroc": 0.4509013855853815,
          "partial_r": 0.21533003029014677,
          "partial_p": 4.9301248428363877e-08,
          "mw_p": 0.24592305280668003,
          "n_total": 629,
          "n_cw": 88,
          "n_held": 541
        }
      },
      "peak_layer": 21
    },
    "P3": {
      "full": {
        "probe_auroc": 0.6499487118791178,
        "conf_auroc": 0.6513936560539708,
        "delta": -0.001444944174852969,
        "cv_auroc": 0.578892017269659,
        "partial_r": 0.08975902655482,
        "partial_p": 0.0051258225102662385,
        "mw_p": 1.3321818565730374e-08,
        "n_total": 971,
        "n_cw": 119,
        "n_held": 852
      },
      "thresholds": {
        "0.7": {
          "probe_auroc": 0.6703686232225892,
          "conf_auroc": 0.6268009973717906,
          "delta": 0.04356762585079854,
          "cv_auroc": 0.5742609831781806,
          "partial_r": 0.13204633437475488,
          "partial_p": 8.861873911046632e-05,
          "mw_p": 1.1524765988665145e-05,
          "n_total": 876,
          "n_cw": 95,
          "n_held": 781
        },
        "0.75": {
          "probe_auroc": 0.6862371445856019,
          "conf_auroc": 0.6100045372050816,
          "delta": 0.07623260738052029,
          "cv_auroc": 0.5225189198486413,
          "partial_r": 0.18087160217871842,
          "partial_p": 1.1583316421790811e-07,
          "mw_p": 0.0002256972591015258,
          "n_total": 847,
          "n_cw": 87,
          "n_held": 760
        },
        "0.8": {
          "probe_auroc": 0.6644105118763988,
          "conf_auroc": 0.5799310519096094,
          "delta": 0.0844794599667894,
          "cv_auroc": 0.5411935128326248,
          "partial_r": 0.17584803698338258,
          "partial_p": 5.149089372386557e-07,
          "mw_p": 0.010493119703651304,
          "n_total": 805,
          "n_cw": 76,
          "n_held": 729
        },
        "0.85": {
          "probe_auroc": 0.6657276995305164,
          "conf_auroc": 0.5724960876369327,
          "delta": 0.09323161189358364,
          "cv_auroc": 0.5524480214621059,
          "partial_r": 0.17876818180001708,
          "partial_p": 4.861238197588733e-07,
          "mw_p": 0.02217229842223613,
          "n_total": 782,
          "n_cw": 72,
          "n_held": 710
        },
        "0.9": {
          "probe_auroc": 0.6667921686746989,
          "conf_auroc": 0.5870282600992205,
          "delta": 0.07976390857547844,
          "cv_auroc": 0.5305657375206247,
          "partial_r": 0.17922408068777276,
          "partial_p": 1.0593626413220856e-06,
          "mw_p": 0.005955771791452491,
          "n_total": 732,
          "n_cw": 68,
          "n_held": 664
        },
        "0.95": {
          "probe_auroc": 0.6857024988213106,
          "conf_auroc": 0.552731612446959,
          "delta": 0.13297088637435162,
          "cv_auroc": 0.5512913992930251,
          "partial_r": 0.17524021151449723,
          "partial_p": 5.748380157411007e-06,
          "mw_p": 0.10472244253929093,
          "n_total": 662,
          "n_cw": 56,
          "n_held": 606
        }
      },
      "peak_layer": 22
    },
    "P5": {
      "full": {
        "probe_auroc": 0.8135468444486326,
        "conf_auroc": 0.6298499375721454,
        "delta": 0.1836969068764872,
        "cv_auroc": 0.790140950404738,
        "partial_r": 0.4615495543098045,
        "partial_p": 1.3369523214584817e-52,
        "mw_p": 3.590687210146148e-11,
        "n_total": 975,
        "n_cw": 227,
        "n_held": 748
      },
      "thresholds": {
        "0.7": {
          "probe_auroc": 0.8130104776833595,
          "conf_auroc": 0.6193417759810796,
          "delta": 0.1936687017022799,
          "cv_auroc": 0.7930861838264792,
          "partial_r": 0.4605187916980011,
          "partial_p": 2.496371557016191e-49,
          "mw_p": 2.5892292309181873e-09,
          "n_total": 917,
          "n_cw": 204,
          "n_held": 713
        },
        "0.75": {
          "probe_auroc": 0.8174563227194807,
          "conf_auroc": 0.610657621183937,
          "delta": 0.2067987015355437,
          "cv_auroc": 0.8082955342529811,
          "partial_r": 0.4577433510882846,
          "partial_p": 1.0378746802644405e-47,
          "mw_p": 4.4313193585040674e-08,
          "n_total": 898,
          "n_cw": 195,
          "n_held": 703
        },
        "0.8": {
          "probe_auroc": 0.8202930473089447,
          "conf_auroc": 0.6073948158079551,
          "delta": 0.21289823150098963,
          "cv_auroc": 0.7975036328728901,
          "partial_r": 0.4544819961168442,
          "partial_p": 2.6071077503022272e-45,
          "mw_p": 1.2874599004833326e-07,
          "n_total": 865,
          "n_cw": 184,
          "n_held": 681
        },
        "0.85": {
          "probe_auroc": 0.8232684890155963,
          "conf_auroc": 0.6040415898037901,
          "delta": 0.21922689921180627,
          "cv_auroc": 0.8031994787964937,
          "partial_r": 0.4565385861177468,
          "partial_p": 6.891202805241164e-45,
          "mw_p": 3.3544092905730106e-07,
          "n_total": 848,
          "n_cw": 178,
          "n_held": 670
        },
        "0.9": {
          "probe_auroc": 0.828412160876679,
          "conf_auroc": 0.5974706061413189,
          "delta": 0.23094155473536015,
          "cv_auroc": 0.8084907945736435,
          "partial_r": 0.45942416053613716,